{"Català":{"nomAlfabet":"alfabetCatala","llistaParaules":[{"freq":1,"paraula":"roja"},{"freq":1,"paraula":"minerals"},{"freq":1,"paraula":"descripció"},{"freq":1,"paraula":"poema"},{"freq":1,"paraula":"Ricard"},{"freq":1,"paraula":"Rafael"},{"freq":1,"paraula":"converteix"},{"freq":1,"paraula":"Escipió"},{"freq":1,"paraula":"alliberament"},{"freq":1,"paraula":"competicions"},{"freq":1,"paraula":"impuls"},{"freq":1,"paraula":"bàndol"},{"freq":1,"paraula":"Montserrat"},{"freq":1,"paraula":"Michael"},{"freq":1,"paraula":"Reus"},{"freq":1,"paraula":"descoberta"},{"freq":1,"paraula":"bateria"},{"freq":1,"paraula":"gestió"},{"freq":1,"paraula":"cèl"},{"freq":1,"paraula":"russos"},{"freq":1,"paraula":"circular"},{"freq":1,"paraula":"imposar"},{"freq":1,"paraula":"físic"},{"freq":1,"paraula":"esforç"},{"freq":1,"paraula":"ortodoxa"},{"freq":1,"paraula":"enterrat"},{"freq":1,"paraula":"llargs"},{"freq":1,"paraula":"precisament"},{"freq":1,"paraula":"cova"},{"freq":1,"paraula":"Mèdici"},{"freq":1,"paraula":"personalitat"},{"freq":1,"paraula":"dedicà"},{"freq":1,"paraula":"Abd"},{"freq":1,"paraula":"Friedrich"},{"freq":1,"paraula":"companyies"},{"freq":1,"paraula":"responsabilitat"},{"freq":1,"paraula":"turc"},{"freq":1,"paraula":"aniversari"},{"freq":1,"paraula":"Angeles"},{"freq":1,"paraula":"hagut"},{"freq":2,"paraula":"cel"},{"freq":1,"paraula":"García"},{"freq":1,"paraula":"tribunal"},{"freq":1,"paraula":"combinació"},{"freq":1,"paraula":"junts"},{"freq":1,"paraula":"necessària"},{"freq":1,"paraula":"equació"},{"freq":1,"paraula":"urbana"},{"freq":1,"paraula":"Abu"},{"freq":1,"paraula":"profunditat"},{"freq":1,"paraula":"W"},{"freq":1,"paraula":"dividir"},{"freq":1,"paraula":"Z"},{"freq":1,"paraula":"dividit"},{"freq":1,"paraula":"celebració"},{"freq":1,"paraula":"discurs"},{"freq":1,"paraula":"editorial"},{"freq":1,"paraula":"últimes"},{"freq":1,"paraula":"salt"},{"freq":2,"paraula":"americana"},{"freq":1,"paraula":"familiars"},{"freq":1,"paraula":"trobaven"},{"freq":1,"paraula":"costum"},{"freq":1,"paraula":"mercenaris"},{"freq":1,"paraula":"poders"},{"freq":1,"paraula":"textos"},{"freq":1,"paraula":"cosí"},{"freq":2,"paraula":"satèl"},{"freq":1,"paraula":"jugant"},{"freq":1,"paraula":"produït"},{"freq":2,"paraula":"americans"},{"freq":1,"paraula":"component"},{"freq":1,"paraula":"preparar"},{"freq":1,"paraula":"ronda"},{"freq":1,"paraula":"cercle"},{"freq":1,"paraula":"governs"},{"freq":1,"paraula":"relacionat"},{"freq":1,"paraula":"novel"},{"freq":1,"paraula":"rutes"},{"freq":1,"paraula":"deixeble"},{"freq":1,"paraula":"gol"},{"freq":1,"paraula":"traslladà"},{"freq":1,"paraula":"Cadis"},{"freq":1,"paraula":"lits"},{"freq":1,"paraula":"buit"},{"freq":1,"paraula":"possessions"},{"freq":1,"paraula":"alumnes"},{"freq":1,"paraula":"Damasc"},{"freq":1,"paraula":"extremadament"},{"freq":1,"paraula":"convertint"},{"freq":1,"paraula":"masia"},{"freq":1,"paraula":"tir"},{"freq":1,"paraula":"determinats"},{"freq":1,"paraula":"Nadal"},{"freq":1,"paraula":"terrenys"},{"freq":1,"paraula":"aplica"},{"freq":1,"paraula":"periodista"},{"freq":1,"paraula":"assistir"},{"freq":1,"paraula":"celebrat"},{"freq":1,"paraula":"dòlars"},{"freq":1,"paraula":"pertanyent"},{"freq":1,"paraula":"mines"},{"freq":1,"paraula":"Tortosa"},{"freq":1,"paraula":"avió"},{"freq":1,"paraula":"Gràcia"},{"freq":1,"paraula":"vidre"},{"freq":1,"paraula":"solució"},{"freq":1,"paraula":"plataforma"},{"freq":1,"paraula":"particularment"},{"freq":1,"paraula":"fortament"},{"freq":1,"paraula":"teories"},{"freq":1,"paraula":"poemes"},{"freq":1,"paraula":"conservat"},{"freq":1,"paraula":"formats"},{"freq":1,"paraula":"Saturn"},{"freq":1,"paraula":"començaments"},{"freq":1,"paraula":"Teresa"},{"freq":1,"paraula":"industrials"},{"freq":1,"paraula":"repressió"},{"freq":1,"paraula":"multitud"},{"freq":1,"paraula":"Lisboa"},{"freq":1,"paraula":"varia"},{"freq":1,"paraula":"indígenes"},{"freq":1,"paraula":"conreu"},{"freq":1,"paraula":"vegetal"},{"freq":1,"paraula":"pilot"},{"freq":1,"paraula":"absència"},{"freq":1,"paraula":"personals"},{"freq":1,"paraula":"assetjar"},{"freq":1,"paraula":"braços"},{"freq":1,"paraula":"Diputació"},{"freq":1,"paraula":"dolça"},{"freq":1,"paraula":"raigs"},{"freq":1,"paraula":"atribueix"},{"freq":1,"paraula":"intervenció"},{"freq":1,"paraula":"permís"},{"freq":1,"paraula":"ordenar"},{"freq":1,"paraula":"Sebastià"},{"freq":1,"paraula":"judici"},{"freq":1,"paraula":"Arnau"},{"freq":1,"paraula":"Ford"},{"freq":1,"paraula":"Hèrcules"},{"freq":1,"paraula":"clàssics"},{"freq":1,"paraula":"vèncer"},{"freq":1,"paraula":"desig"},{"freq":1,"paraula":"blocs"},{"freq":1,"paraula":"monuments"},{"freq":1,"paraula":"cavalleria"},{"freq":1,"paraula":"ordenà"},{"freq":1,"paraula":"favorable"},{"freq":1,"paraula":"execució"},{"freq":1,"paraula":"anat"},{"freq":1,"paraula":"decisiva"},{"freq":1,"paraula":"quedà"},{"freq":1,"paraula":"poblat"},{"freq":1,"paraula":"flor"},{"freq":1,"paraula":"ocupà"},{"freq":1,"paraula":"reformes"},{"freq":1,"paraula":"diversitat"},{"freq":1,"paraula":"infants"},{"freq":1,"paraula":"intensitat"},{"freq":1,"paraula":"públics"},{"freq":1,"paraula":"hemisferi"},{"freq":1,"paraula":"intel"},{"freq":1,"paraula":"facultat"},{"freq":1,"paraula":"empra"},{"freq":1,"paraula":"cerimònia"},{"freq":1,"paraula":"Luna"},{"freq":1,"paraula":"convertit"},{"freq":1,"paraula":"convertir"},{"freq":1,"paraula":"enviats"},{"freq":1,"paraula":"tancs"},{"freq":1,"paraula":"fenomen"},{"freq":1,"paraula":"emetre"},{"freq":1,"paraula":"Creta"},{"freq":1,"paraula":"cedir"},{"freq":1,"paraula":"únicament"},{"freq":1,"paraula":"conduir"},{"freq":1,"paraula":"branques"},{"freq":1,"paraula":"concret"},{"freq":1,"paraula":"cedit"},{"freq":1,"paraula":"herència"},{"freq":1,"paraula":"Osona"},{"freq":1,"paraula":"esports"},{"freq":1,"paraula":"infanta"},{"freq":1,"paraula":"primitiu"},{"freq":1,"paraula":"roques"},{"freq":1,"paraula":"cúpula"},{"freq":1,"paraula":"Richard"},{"freq":1,"paraula":"conjuntament"},{"freq":1,"paraula":"harmonia"},{"freq":1,"paraula":"detalls"},{"freq":1,"paraula":"taller"},{"freq":1,"paraula":"dominant"},{"freq":1,"paraula":"Giovanni"},{"freq":1,"paraula":"verge"},{"freq":1,"paraula":"esclaus"},{"freq":1,"paraula":"Ferrer"},{"freq":1,"paraula":"romanes"},{"freq":1,"paraula":"bacteris"},{"freq":1,"paraula":"descendent"},{"freq":1,"paraula":"Toledo"},{"freq":1,"paraula":"setmanes"},{"freq":1,"paraula":"rosa"},{"freq":1,"paraula":"onze"},{"freq":1,"paraula":"Ali"},{"freq":1,"paraula":"col"},{"freq":1,"paraula":"New"},{"freq":2,"paraula":"instal"},{"freq":1,"paraula":"con"},{"freq":1,"paraula":"Publi"},{"freq":1,"paraula":"líders"},{"freq":1,"paraula":"Benet"},{"freq":1,"paraula":"pic"},{"freq":1,"paraula":"assentaments"},{"freq":1,"paraula":"perill"},{"freq":1,"paraula":"xarxes"},{"freq":1,"paraula":"existents"},{"freq":1,"paraula":"URSS"},{"freq":1,"paraula":"mineral"},{"freq":1,"paraula":"lar"},{"freq":1,"paraula":"grandària"},{"freq":1,"paraula":"basílica"},{"freq":1,"paraula":"mínim"},{"freq":1,"paraula":"hongarès"},{"freq":1,"paraula":"lluny"},{"freq":1,"paraula":"atorgada"},{"freq":1,"paraula":"arma"},{"freq":1,"paraula":"identitat"},{"freq":1,"paraula":"arribaren"},{"freq":1,"paraula":"Leopold"},{"freq":1,"paraula":"absolut"},{"freq":1,"paraula":"acompanyar"},{"freq":1,"paraula":"acompanyat"},{"freq":1,"paraula":"cartes"},{"freq":1,"paraula":"vídua"},{"freq":1,"paraula":"viatges"},{"freq":1,"paraula":"Garcia"},{"freq":1,"paraula":"uneix"},{"freq":1,"paraula":"masculí"},{"freq":1,"paraula":"assumir"},{"freq":1,"paraula":"Mozart"},{"freq":1,"paraula":"passava"},{"freq":1,"paraula":"llurs"},{"freq":1,"paraula":"flux"},{"freq":1,"paraula":"executiu"},{"freq":1,"paraula":"murs"},{"freq":1,"paraula":"navegació"},{"freq":1,"paraula":"exclusivament"},{"freq":1,"paraula":"escultor"},{"freq":1,"paraula":"pastor"},{"freq":1,"paraula":"situacions"},{"freq":1,"paraula":"Peloponès"},{"freq":1,"paraula":"carreteres"},{"freq":1,"paraula":"ermita"},{"freq":1,"paraula":"ple"},{"freq":1,"paraula":"governant"},{"freq":1,"paraula":"doctor"},{"freq":1,"paraula":"batalles"},{"freq":1,"paraula":"voluntat"},{"freq":1,"paraula":"significat"},{"freq":1,"paraula":"Liceu"},{"freq":1,"paraula":"Ibèrica"},{"freq":1,"paraula":"alfabet"},{"freq":1,"paraula":"resolució"},{"freq":1,"paraula":"conferència"},{"freq":1,"paraula":"tub"},{"freq":1,"paraula":"econòmics"},{"freq":1,"paraula":"Turquia"},{"freq":1,"paraula":"pres"},{"freq":1,"paraula":"carbó"},{"freq":1,"paraula":"preu"},{"freq":1,"paraula":"Brussel"},{"freq":1,"paraula":"aprofitant"},{"freq":1,"paraula":"càncer"},{"freq":1,"paraula":"directa"},{"freq":1,"paraula":"treure"},{"freq":1,"paraula":"requereix"},{"freq":1,"paraula":"lel"},{"freq":1,"paraula":"comprar"},{"freq":1,"paraula":"Karl"},{"freq":1,"paraula":"legió"},{"freq":1,"paraula":"Rivera"},{"freq":1,"paraula":"túnel"},{"freq":3,"paraula":"les"},{"freq":1,"paraula":"emperadors"},{"freq":1,"paraula":"medalles"},{"freq":1,"paraula":"cares"},{"freq":1,"paraula":"abundant"},{"freq":1,"paraula":"orgue"},{"freq":1,"paraula":"seguia"},{"freq":1,"paraula":"Cabrera"},{"freq":1,"paraula":"havent"},{"freq":1,"paraula":"probable"},{"freq":1,"paraula":"cua"},{"freq":1,"paraula":"califa"},{"freq":1,"paraula":"genètica"},{"freq":1,"paraula":"començaren"},{"freq":1,"paraula":"Antígon"},{"freq":1,"paraula":"sostre"},{"freq":1,"paraula":"estable"},{"freq":1,"paraula":"Nicolau"},{"freq":1,"paraula":"petició"},{"freq":1,"paraula":"document"},{"freq":1,"paraula":"retirar"},{"freq":1,"paraula":"comportament"},{"freq":1,"paraula":"líquid"},{"freq":1,"paraula":"pol"},{"freq":1,"paraula":"accident"},{"freq":1,"paraula":"Washington"},{"freq":1,"paraula":"preparació"},{"freq":1,"paraula":"pop"},{"freq":1,"paraula":"socialdemòcrata"},{"freq":1,"paraula":"por"},{"freq":1,"paraula":"llistes"},{"freq":1,"paraula":"societats"},{"freq":1,"paraula":"caixa"},{"freq":1,"paraula":"Andorra"},{"freq":1,"paraula":"estranger"},{"freq":1,"paraula":"marins"},{"freq":1,"paraula":"resoldre"},{"freq":1,"paraula":"dibuix"},{"freq":1,"paraula":"immigrants"},{"freq":1,"paraula":"integrada"},{"freq":1,"paraula":"enfrontaments"},{"freq":1,"paraula":"egipcis"},{"freq":1,"paraula":"esperit"},{"freq":1,"paraula":"ensenyament"},{"freq":1,"paraula":"antiguitat"},{"freq":1,"paraula":"estàtua"},{"freq":1,"paraula":"caràcters"},{"freq":1,"paraula":"habituals"},{"freq":1,"paraula":"definir"},{"freq":1,"paraula":"anomenen"},{"freq":1,"paraula":"lia"},{"freq":1,"paraula":"descriure"},{"freq":1,"paraula":"Xavier"},{"freq":1,"paraula":"Alcoi"},{"freq":1,"paraula":"lit"},{"freq":1,"paraula":"lliurar"},{"freq":1,"paraula":"caire"},{"freq":1,"paraula":"Andreu"},{"freq":1,"paraula":"mascles"},{"freq":1,"paraula":"determinada"},{"freq":1,"paraula":"Diego"},{"freq":1,"paraula":"jueva"},{"freq":1,"paraula":"renunciar"},{"freq":1,"paraula":"amistat"},{"freq":1,"paraula":"dimensió"},{"freq":1,"paraula":"implica"},{"freq":1,"paraula":"pluja"},{"freq":1,"paraula":"dispositius"},{"freq":1,"paraula":"ofereix"},{"freq":1,"paraula":"Tòquio"},{"freq":1,"paraula":"suposadament"},{"freq":1,"paraula":"escenes"},{"freq":1,"paraula":"actuar"},{"freq":1,"paraula":"Troia"},{"freq":1,"paraula":"Babilònia"},{"freq":1,"paraula":"anunciar"},{"freq":1,"paraula":"Indianapolis"},{"freq":1,"paraula":"anglesos"},{"freq":1,"paraula":"aèria"},{"freq":1,"paraula":"escultura"},{"freq":1,"paraula":"paisatge"},{"freq":1,"paraula":"Cretaci"},{"freq":1,"paraula":"impossible"},{"freq":1,"paraula":"fetes"},{"freq":1,"paraula":"sable"},{"freq":1,"paraula":"casada"},{"freq":1,"paraula":"individus"},{"freq":1,"paraula":"equacions"},{"freq":1,"paraula":"canons"},{"freq":1,"paraula":"lectuals"},{"freq":1,"paraula":"coneixen"},{"freq":1,"paraula":"contemporanis"},{"freq":1,"paraula":"Perpinyà"},{"freq":1,"paraula":"separades"},{"freq":1,"paraula":"marxa"},{"freq":1,"paraula":"emblema"},{"freq":1,"paraula":"Vicente"},{"freq":1,"paraula":"jardins"},{"freq":1,"paraula":"vegetació"},{"freq":1,"paraula":"defineix"},{"freq":1,"paraula":"publicacions"},{"freq":1,"paraula":"galàxies"},{"freq":1,"paraula":"Iugoslàvia"},{"freq":1,"paraula":"demanda"},{"freq":1,"paraula":"Zeus"},{"freq":1,"paraula":"dècades"},{"freq":1,"paraula":"electoral"},{"freq":1,"paraula":"referències"},{"freq":1,"paraula":"jueu"},{"freq":1,"paraula":"elèctrica"},{"freq":1,"paraula":"cobert"},{"freq":1,"paraula":"pals"},{"freq":1,"paraula":"possibles"},{"freq":1,"paraula":"continuà"},{"freq":1,"paraula":"acostuma"},{"freq":1,"paraula":"elèctrics"},{"freq":1,"paraula":"lió"},{"freq":1,"paraula":"Potter"},{"freq":1,"paraula":"resultant"},{"freq":1,"paraula":"rodalies"},{"freq":1,"paraula":"darreres"},{"freq":1,"paraula":"visita"},{"freq":1,"paraula":"daten"},{"freq":1,"paraula":"bellesa"},{"freq":1,"paraula":"tecnologia"},{"freq":1,"paraula":"judicial"},{"freq":1,"paraula":"separa"},{"freq":1,"paraula":"teixit"},{"freq":1,"paraula":"Marroc"},{"freq":1,"paraula":"italianes"},{"freq":1,"paraula":"recorregut"},{"freq":1,"paraula":"realment"},{"freq":1,"paraula":"destí"},{"freq":1,"paraula":"tractava"},{"freq":1,"paraula":"septentrional"},{"freq":1,"paraula":"nacionalisme"},{"freq":1,"paraula":"esperar"},{"freq":1,"paraula":"costats"},{"freq":1,"paraula":"sobreviure"},{"freq":1,"paraula":"químics"},{"freq":1,"paraula":"juga"},{"freq":1,"paraula":"platges"},{"freq":1,"paraula":"Amsterdam"},{"freq":1,"paraula":"prop"},{"freq":1,"paraula":"electricitat"},{"freq":1,"paraula":"violència"},{"freq":1,"paraula":"cervell"},{"freq":1,"paraula":"pilar"},{"freq":1,"paraula":"ossos"},{"freq":1,"paraula":"certes"},{"freq":1,"paraula":"peus"},{"freq":1,"paraula":"tennis"},{"freq":1,"paraula":"històriques"},{"freq":1,"paraula":"fundà"},{"freq":1,"paraula":"tractats"},{"freq":1,"paraula":"obre"},{"freq":1,"paraula":"muller"},{"freq":1,"paraula":"permanent"},{"freq":1,"paraula":"dominació"},{"freq":1,"paraula":"Quint"},{"freq":1,"paraula":"avanç"},{"freq":1,"paraula":"cordes"},{"freq":1,"paraula":"necessitats"},{"freq":1,"paraula":"tren"},{"freq":1,"paraula":"òperes"},{"freq":1,"paraula":"Cilícia"},{"freq":1,"paraula":"tret"},{"freq":1,"paraula":"neerlandès"},{"freq":1,"paraula":"vídeo"},{"freq":1,"paraula":"éssers"},{"freq":1,"paraula":"Deportivo"},{"freq":1,"paraula":"Terrassa"},{"freq":1,"paraula":"obrer"},{"freq":1,"paraula":"croats"},{"freq":1,"paraula":"filòsof"},{"freq":1,"paraula":"aparent"},{"freq":1,"paraula":"cantar"},{"freq":1,"paraula":"llatina"},{"freq":1,"paraula":"elevat"},{"freq":1,"paraula":"formal"},{"freq":1,"paraula":"cultiu"},{"freq":1,"paraula":"Loira"},{"freq":1,"paraula":"diaris"},{"freq":1,"paraula":"guanyador"},{"freq":1,"paraula":"estudia"},{"freq":1,"paraula":"mostres"},{"freq":1,"paraula":"mostren"},{"freq":1,"paraula":"aliar"},{"freq":1,"paraula":"unida"},{"freq":1,"paraula":"colons"},{"freq":1,"paraula":"ampli"},{"freq":1,"paraula":"debut"},{"freq":1,"paraula":"reconeguda"},{"freq":1,"paraula":"insectes"},{"freq":1,"paraula":"jugà"},{"freq":1,"paraula":"tones"},{"freq":1,"paraula":"generar"},{"freq":1,"paraula":"esmentada"},{"freq":1,"paraula":"siguin"},{"freq":1,"paraula":"portuguesa"},{"freq":1,"paraula":"Oscar"},{"freq":1,"paraula":"aparell"},{"freq":1,"paraula":"teixits"},{"freq":1,"paraula":"imperials"},{"freq":1,"paraula":"repartiment"},{"freq":1,"paraula":"profunda"},{"freq":1,"paraula":"Reich"},{"freq":1,"paraula":"alternativa"},{"freq":1,"paraula":"anomenà"},{"freq":1,"paraula":"amplada"},{"freq":1,"paraula":"acords"},{"freq":1,"paraula":"esdevenint"},{"freq":1,"paraula":"Corneli"},{"freq":1,"paraula":"haurien"},{"freq":1,"paraula":"càrregues"},{"freq":1,"paraula":"del"},{"freq":1,"paraula":"videojocs"},{"freq":1,"paraula":"Llorenç"},{"freq":1,"paraula":"fundadors"},{"freq":1,"paraula":"fases"},{"freq":1,"paraula":"Dinamarca"},{"freq":1,"paraula":"mantenen"},{"freq":1,"paraula":"der"},{"freq":1,"paraula":"acabat"},{"freq":1,"paraula":"graus"},{"freq":1,"paraula":"llargada"},{"freq":1,"paraula":"National"},{"freq":1,"paraula":"subjecte"},{"freq":1,"paraula":"cridat"},{"freq":1,"paraula":"dissoldre"},{"freq":1,"paraula":"Júpiter"},{"freq":1,"paraula":"cridar"},{"freq":1,"paraula":"realització"},{"freq":1,"paraula":"refugiar"},{"freq":1,"paraula":"finalitat"},{"freq":1,"paraula":"establerta"},{"freq":1,"paraula":"espectre"},{"freq":1,"paraula":"vegetals"},{"freq":1,"paraula":"desembarcar"},{"freq":1,"paraula":"activa"},{"freq":1,"paraula":"medi"},{"freq":1,"paraula":"dansa"},{"freq":1,"paraula":"campionats"},{"freq":1,"paraula":"protegir"},{"freq":1,"paraula":"coronat"},{"freq":1,"paraula":"viles"},{"freq":1,"paraula":"abat"},{"freq":1,"paraula":"parells"},{"freq":1,"paraula":"obté"},{"freq":1,"paraula":"relativa"},{"freq":1,"paraula":"influències"},{"freq":1,"paraula":"sultà"},{"freq":1,"paraula":"realitzats"},{"freq":1,"paraula":"quinze"},{"freq":1,"paraula":"sèries"},{"freq":1,"paraula":"exactament"},{"freq":1,"paraula":"integrar"},{"freq":1,"paraula":"transformar"},{"freq":1,"paraula":"integrat"},{"freq":1,"paraula":"transició"},{"freq":1,"paraula":"integral"},{"freq":1,"paraula":"fronteres"},{"freq":1,"paraula":"veuen"},{"freq":1,"paraula":"actriu"},{"freq":1,"paraula":"negres"},{"freq":1,"paraula":"inaugurar"},{"freq":1,"paraula":"tancada"},{"freq":1,"paraula":"serien"},{"freq":1,"paraula":"llançar"},{"freq":1,"paraula":"binària"},{"freq":1,"paraula":"extensa"},{"freq":1,"paraula":"dirigents"},{"freq":1,"paraula":"convocar"},{"freq":1,"paraula":"amenaça"},{"freq":1,"paraula":"desert"},{"freq":1,"paraula":"agrupació"},{"freq":1,"paraula":"nació"},{"freq":1,"paraula":"tals"},{"freq":1,"paraula":"arquebisbe"},{"freq":1,"paraula":"signat"},{"freq":1,"paraula":"hoquei"},{"freq":1,"paraula":"divisions"},{"freq":1,"paraula":"marge"},{"freq":1,"paraula":"òrgan"},{"freq":1,"paraula":"exemplars"},{"freq":1,"paraula":"Tomàs"},{"freq":1,"paraula":"legal"},{"freq":1,"paraula":"Alexandria"},{"freq":1,"paraula":"escrites"},{"freq":1,"paraula":"velocitats"},{"freq":1,"paraula":"tribut"},{"freq":1,"paraula":"obtingué"},{"freq":1,"paraula":"planes"},{"freq":1,"paraula":"conquerida"},{"freq":1,"paraula":"ull"},{"freq":1,"paraula":"traducció"},{"freq":1,"paraula":"campanar"},{"freq":1,"paraula":"dirigits"},{"freq":1,"paraula":"soviètic"},{"freq":1,"paraula":"Sir"},{"freq":1,"paraula":"campanyes"},{"freq":1,"paraula":"deixà"},{"freq":1,"paraula":"electrònica"},{"freq":1,"paraula":"creia"},{"freq":1,"paraula":"Sofia"},{"freq":1,"paraula":"creença"},{"freq":1,"paraula":"cinquena"},{"freq":1,"paraula":"univers"},{"freq":1,"paraula":"papers"},{"freq":1,"paraula":"terç"},{"freq":1,"paraula":"equilibri"},{"freq":1,"paraula":"passen"},{"freq":1,"paraula":"mascle"},{"freq":1,"paraula":"ajudant"},{"freq":1,"paraula":"tanc"},{"freq":1,"paraula":"àcids"},{"freq":1,"paraula":"braç"},{"freq":1,"paraula":"tendències"},{"freq":1,"paraula":"company"},{"freq":1,"paraula":"coure"},{"freq":1,"paraula":"artilleria"},{"freq":1,"paraula":"considerava"},{"freq":1,"paraula":"nuclear"},{"freq":1,"paraula":"originals"},{"freq":1,"paraula":"cadascuna"},{"freq":1,"paraula":"sants"},{"freq":1,"paraula":"Henry"},{"freq":1,"paraula":"Llobregat"},{"freq":1,"paraula":"desaparició"},{"freq":1,"paraula":"indústries"},{"freq":1,"paraula":"considerats"},{"freq":1,"paraula":"Football"},{"freq":1,"paraula":"provinents"},{"freq":1,"paraula":"Grand"},{"freq":1,"paraula":"realitza"},{"freq":1,"paraula":"eliminar"},{"freq":1,"paraula":"relleus"},{"freq":1,"paraula":"Xipre"},{"freq":1,"paraula":"minoria"},{"freq":1,"paraula":"concepció"},{"freq":1,"paraula":"béns"},{"freq":1,"paraula":"constitucional"},{"freq":1,"paraula":"trets"},{"freq":1,"paraula":"Sanç"},{"freq":1,"paraula":"López"},{"freq":1,"paraula":"enginyer"},{"freq":1,"paraula":"ritme"},{"freq":1,"paraula":"saber"},{"freq":1,"paraula":"curta"},{"freq":1,"paraula":"variants"},{"freq":1,"paraula":"Cardona"},{"freq":1,"paraula":"fidels"},{"freq":1,"paraula":"rebutjar"},{"freq":1,"paraula":"segura"},{"freq":1,"paraula":"sons"},{"freq":1,"paraula":"greus"},{"freq":1,"paraula":"religions"},{"freq":1,"paraula":"Antioquia"},{"freq":1,"paraula":"Kanton"},{"freq":1,"paraula":"signes"},{"freq":1,"paraula":"passos"},{"freq":1,"paraula":"típic"},{"freq":1,"paraula":"romanogermànic"},{"freq":1,"paraula":"comissari"},{"freq":1,"paraula":"bits"},{"freq":1,"paraula":"torrent"},{"freq":1,"paraula":"creuer"},{"freq":1,"paraula":"crònica"},{"freq":1,"paraula":"proclamat"},{"freq":1,"paraula":"bell"},{"freq":1,"paraula":"útil"},{"freq":1,"paraula":"ciutadella"},{"freq":1,"paraula":"Provença"},{"freq":1,"paraula":"capítol"},{"freq":1,"paraula":"Newton"},{"freq":1,"paraula":"canceller"},{"freq":1,"paraula":"Finlàndia"},{"freq":1,"paraula":"atenció"},{"freq":1,"paraula":"deixa"},{"freq":1,"paraula":"enllaços"},{"freq":1,"paraula":"assegurar"},{"freq":1,"paraula":"escenari"},{"freq":1,"paraula":"distinció"},{"freq":1,"paraula":"Vietnam"},{"freq":1,"paraula":"cementiri"},{"freq":1,"paraula":"celebra"},{"freq":1,"paraula":"espacial"},{"freq":1,"paraula":"desaparèixer"},{"freq":1,"paraula":"mal"},{"freq":1,"paraula":"Bages"},{"freq":1,"paraula":"egipci"},{"freq":1,"paraula":"quàntica"},{"freq":1,"paraula":"assolint"},{"freq":1,"paraula":"arquitectes"},{"freq":1,"paraula":"mas"},{"freq":1,"paraula":"aeroport"},{"freq":1,"paraula":"originari"},{"freq":1,"paraula":"suprem"},{"freq":1,"paraula":"agents"},{"freq":1,"paraula":"exercit"},{"freq":1,"paraula":"poetes"},{"freq":1,"paraula":"xinesos"},{"freq":1,"paraula":"aconseguit"},{"freq":1,"paraula":"Peter"},{"freq":1,"paraula":"descendència"},{"freq":1,"paraula":"parlen"},{"freq":1,"paraula":"usa"},{"freq":1,"paraula":"Rodríguez"},{"freq":1,"paraula":"comencen"},{"freq":1,"paraula":"específic"},{"freq":1,"paraula":"sòlid"},{"freq":1,"paraula":"Cartago"},{"freq":1,"paraula":"convent"},{"freq":1,"paraula":"realitzat"},{"freq":1,"paraula":"separació"},{"freq":1,"paraula":"definitiva"},{"freq":1,"paraula":"aquestos"},{"freq":1,"paraula":"Records"},{"freq":1,"paraula":"denomina"},{"freq":1,"paraula":"capes"},{"freq":1,"paraula":"coronel"},{"freq":1,"paraula":"freqüent"},{"freq":1,"paraula":"ideal"},{"freq":1,"paraula":"segueixen"},{"freq":1,"paraula":"lació"},{"freq":1,"paraula":"hereva"},{"freq":1,"paraula":"pilota"},{"freq":1,"paraula":"oposat"},{"freq":1,"paraula":"aconseguiren"},{"freq":1,"paraula":"reduïda"},{"freq":1,"paraula":"disposa"},{"freq":1,"paraula":"oposar"},{"freq":1,"paraula":"videojoc"},{"freq":1,"paraula":"nomenament"},{"freq":1,"paraula":"fabricació"},{"freq":1,"paraula":"establí"},{"freq":1,"paraula":"ball"},{"freq":1,"paraula":"dominar"},{"freq":1,"paraula":"croada"},{"freq":1,"paraula":"gravetat"},{"freq":1,"paraula":"tampoc"},{"freq":1,"paraula":"actius"},{"freq":1,"paraula":"càlcul"},{"freq":1,"paraula":"Còrsega"},{"freq":1,"paraula":"Montevideo"},{"freq":1,"paraula":"constituir"},{"freq":1,"paraula":"competir"},{"freq":1,"paraula":"escriptor"},{"freq":1,"paraula":"vicepresident"},{"freq":1,"paraula":"ànima"},{"freq":1,"paraula":"baronia"},{"freq":1,"paraula":"travessa"},{"freq":1,"paraula":"músic"},{"freq":1,"paraula":"Hispània"},{"freq":1,"paraula":"matemàtica"},{"freq":1,"paraula":"evident"},{"freq":1,"paraula":"recents"},{"freq":1,"paraula":"blancs"},{"freq":1,"paraula":"comtats"},{"freq":1,"paraula":"franquista"},{"freq":1,"paraula":"duu"},{"freq":1,"paraula":"fracassar"},{"freq":1,"paraula":"seran"},{"freq":1,"paraula":"fàcilment"},{"freq":1,"paraula":"Víctor"},{"freq":1,"paraula":"Gàl"},{"freq":1,"paraula":"cartaginesos"},{"freq":1,"paraula":"declarat"},{"freq":1,"paraula":"ordinadors"},{"freq":1,"paraula":"curt"},{"freq":1,"paraula":"banc"},{"freq":1,"paraula":"persecució"},{"freq":1,"paraula":"Orleans"},{"freq":1,"paraula":"temporal"},{"freq":1,"paraula":"coves"},{"freq":1,"paraula":"taxa"},{"freq":1,"paraula":"formaven"},{"freq":1,"paraula":"reproducció"},{"freq":1,"paraula":"Sul"},{"freq":1,"paraula":"milles"},{"freq":1,"paraula":"escó"},{"freq":1,"paraula":"conservador"},{"freq":1,"paraula":"controlar"},{"freq":1,"paraula":"historiadors"},{"freq":1,"paraula":"constituït"},{"freq":1,"paraula":"realitzada"},{"freq":1,"paraula":"debat"},{"freq":1,"paraula":"global"},{"freq":1,"paraula":"afectar"},{"freq":1,"paraula":"actitud"},{"freq":1,"paraula":"demostració"},{"freq":1,"paraula":"trencar"},{"freq":1,"paraula":"fred"},{"freq":1,"paraula":"perspectiva"},{"freq":1,"paraula":"recinte"},{"freq":1,"paraula":"variables"},{"freq":1,"paraula":"mecànica"},{"freq":1,"paraula":"ingressar"},{"freq":1,"paraula":"nacionalistes"},{"freq":1,"paraula":"Colòmbia"},{"freq":1,"paraula":"arròs"},{"freq":1,"paraula":"González"},{"freq":1,"paraula":"estudiants"},{"freq":1,"paraula":"esforços"},{"freq":1,"paraula":"impostos"},{"freq":1,"paraula":"ambaixador"},{"freq":1,"paraula":"aliment"},{"freq":1,"paraula":"gamma"},{"freq":1,"paraula":"litoral"},{"freq":1,"paraula":"gaudir"},{"freq":1,"paraula":"agent"},{"freq":1,"paraula":"cònsols"},{"freq":1,"paraula":"religioses"},{"freq":1,"paraula":"travessar"},{"freq":1,"paraula":"medievals"},{"freq":1,"paraula":"disputades"},{"freq":1,"paraula":"variacions"},{"freq":1,"paraula":"anaven"},{"freq":1,"paraula":"Arts"},{"freq":1,"paraula":"únics"},{"freq":1,"paraula":"civilització"},{"freq":1,"paraula":"Siracusa"},{"freq":1,"paraula":"provincial"},{"freq":1,"paraula":"guardonat"},{"freq":1,"paraula":"començat"},{"freq":1,"paraula":"permeté"},{"freq":1,"paraula":"poca"},{"freq":1,"paraula":"Gai"},{"freq":1,"paraula":"representacions"},{"freq":1,"paraula":"protestants"},{"freq":1,"paraula":"potencial"},{"freq":1,"paraula":"Gal"},{"freq":1,"paraula":"creuar"},{"freq":1,"paraula":"prengué"},{"freq":1,"paraula":"volien"},{"freq":1,"paraula":"guitarra"},{"freq":1,"paraula":"mapa"},{"freq":1,"paraula":"inspiració"},{"freq":1,"paraula":"sucre"},{"freq":1,"paraula":"internes"},{"freq":1,"paraula":"Martínez"},{"freq":1,"paraula":"Carlemany"},{"freq":1,"paraula":"UNESCO"},{"freq":1,"paraula":"geometria"},{"freq":1,"paraula":"tsar"},{"freq":1,"paraula":"excepció"},{"freq":1,"paraula":"àtoms"},{"freq":1,"paraula":"motors"},{"freq":1,"paraula":"rodes"},{"freq":1,"paraula":"causar"},{"freq":1,"paraula":"crític"},{"freq":1,"paraula":"hàbitat"},{"freq":1,"paraula":"teorema"},{"freq":1,"paraula":"fortes"},{"freq":1,"paraula":"refugi"},{"freq":1,"paraula":"topònim"},{"freq":1,"paraula":"Mitridates"},{"freq":1,"paraula":"lletra"},{"freq":1,"paraula":"artificial"},{"freq":1,"paraula":"registre"},{"freq":1,"paraula":"bombardeig"},{"freq":1,"paraula":"Primo"},{"freq":1,"paraula":"carena"},{"freq":1,"paraula":"escoles"},{"freq":1,"paraula":"substitució"},{"freq":1,"paraula":"dents"},{"freq":1,"paraula":"terrestres"},{"freq":1,"paraula":"dinosaures"},{"freq":1,"paraula":"Praga"},{"freq":1,"paraula":"trobada"},{"freq":1,"paraula":"transformació"},{"freq":1,"paraula":"classificar"},{"freq":1,"paraula":"fonamentalment"},{"freq":1,"paraula":"modernes"},{"freq":1,"paraula":"mor"},{"freq":1,"paraula":"obtingut"},{"freq":1,"paraula":"mot"},{"freq":1,"paraula":"encàrrec"},{"freq":1,"paraula":"Iraq"},{"freq":1,"paraula":"aplega"},{"freq":1,"paraula":"provisional"},{"freq":1,"paraula":"indica"},{"freq":1,"paraula":"guanyat"},{"freq":1,"paraula":"escapar"},{"freq":1,"paraula":"temples"},{"freq":1,"paraula":"abundants"},{"freq":1,"paraula":"capitells"},{"freq":1,"paraula":"enginyeria"},{"freq":1,"paraula":"legions"},{"freq":1,"paraula":"Margarida"},{"freq":1,"paraula":"trens"},{"freq":1,"paraula":"natal"},{"freq":1,"paraula":"pintors"},{"freq":1,"paraula":"inicia"},{"freq":1,"paraula":"François"},{"freq":1,"paraula":"patrons"},{"freq":1,"paraula":"continental"},{"freq":1,"paraula":"Pierre"},{"freq":1,"paraula":"missatge"},{"freq":1,"paraula":"arrel"},{"freq":1,"paraula":"Holanda"},{"freq":1,"paraula":"fàcil"},{"freq":1,"paraula":"signatura"},{"freq":1,"paraula":"preses"},{"freq":1,"paraula":"ocupen"},{"freq":1,"paraula":"virrei"},{"freq":1,"paraula":"privilegi"},{"freq":1,"paraula":"austríac"},{"freq":1,"paraula":"cicle"},{"freq":1,"paraula":"usuari"},{"freq":1,"paraula":"Flandes"},{"freq":1,"paraula":"relacionades"},{"freq":1,"paraula":"causes"},{"freq":1,"paraula":"popularment"},{"freq":1,"paraula":"arreu"},{"freq":1,"paraula":"Normandia"},{"freq":1,"paraula":"combats"},{"freq":1,"paraula":"agafar"},{"freq":1,"paraula":"qüestions"},{"freq":1,"paraula":"desaparegut"},{"freq":1,"paraula":"contenen"},{"freq":1,"paraula":"mateixes"},{"freq":1,"paraula":"baró"},{"freq":1,"paraula":"ocupant"},{"freq":1,"paraula":"nàixer"},{"freq":1,"paraula":"UCD"},{"freq":1,"paraula":"literari"},{"freq":1,"paraula":"religiosos"},{"freq":1,"paraula":"japonès"},{"freq":1,"paraula":"vella"},{"freq":1,"paraula":"regla"},{"freq":1,"paraula":"estatal"},{"freq":1,"paraula":"roman"},{"freq":1,"paraula":"tomba"},{"freq":1,"paraula":"caracteritzen"},{"freq":1,"paraula":"Agustí"},{"freq":1,"paraula":"Sabadell"},{"freq":1,"paraula":"calor"},{"freq":1,"paraula":"Bilbao"},{"freq":1,"paraula":"Bíblia"},{"freq":1,"paraula":"tensió"},{"freq":1,"paraula":"pujar"},{"freq":1,"paraula":"habilitat"},{"freq":1,"paraula":"oliva"},{"freq":1,"paraula":"fama"},{"freq":1,"paraula":"portuguès"},{"freq":1,"paraula":"Anjou"},{"freq":1,"paraula":"públiques"},{"freq":1,"paraula":"publicada"},{"freq":1,"paraula":"conceptes"},{"freq":1,"paraula":"incorporació"},{"freq":1,"paraula":"captura"},{"freq":1,"paraula":"fossin"},{"freq":1,"paraula":"este"},{"freq":1,"paraula":"esta"},{"freq":1,"paraula":"màquina"},{"freq":1,"paraula":"durada"},{"freq":1,"paraula":"Empúries"},{"freq":1,"paraula":"Perú"},{"freq":1,"paraula":"confederació"},{"freq":1,"paraula":"Louis"},{"freq":1,"paraula":"talla"},{"freq":1,"paraula":"danys"},{"freq":1,"paraula":"accedir"},{"freq":1,"paraula":"professionals"},{"freq":1,"paraula":"error"},{"freq":1,"paraula":"adoptat"},{"freq":1,"paraula":"atès"},{"freq":1,"paraula":"duquessa"},{"freq":1,"paraula":"compostos"},{"freq":1,"paraula":"mercuri"},{"freq":1,"paraula":"essencial"},{"freq":1,"paraula":"existia"},{"freq":1,"paraula":"Filipines"},{"freq":1,"paraula":"Palma"},{"freq":1,"paraula":"corresponents"},{"freq":1,"paraula":"indiquen"},{"freq":1,"paraula":"Ptolemeu"},{"freq":1,"paraula":"santuari"},{"freq":1,"paraula":"esclatar"},{"freq":1,"paraula":"econòmiques"},{"freq":1,"paraula":"existent"},{"freq":1,"paraula":"HMS"},{"freq":1,"paraula":"tretze"},{"freq":1,"paraula":"pols"},{"freq":1,"paraula":"Califòrnia"},{"freq":1,"paraula":"estrangers"},{"freq":1,"paraula":"setmana"},{"freq":1,"paraula":"existir"},{"freq":1,"paraula":"variable"},{"freq":1,"paraula":"reaccions"},{"freq":1,"paraula":"negar"},{"freq":1,"paraula":"esdevé"},{"freq":1,"paraula":"gust"},{"freq":1,"paraula":"Jacques"},{"freq":1,"paraula":"estrena"},{"freq":1,"paraula":"idioma"},{"freq":1,"paraula":"Juli"},{"freq":1,"paraula":"dividida"},{"freq":1,"paraula":"integració"},{"freq":1,"paraula":"desenvolupa"},{"freq":1,"paraula":"dissolució"},{"freq":1,"paraula":"episodis"},{"freq":1,"paraula":"provocà"},{"freq":1,"paraula":"ribera"},{"freq":1,"paraula":"volum"},{"freq":1,"paraula":"liberals"},{"freq":1,"paraula":"dictador"},{"freq":1,"paraula":"afavorir"},{"freq":1,"paraula":"influir"},{"freq":1,"paraula":"descriu"},{"freq":1,"paraula":"senyora"},{"freq":1,"paraula":"Park"},{"freq":1,"paraula":"usant"},{"freq":1,"paraula":"substància"},{"freq":1,"paraula":"matriu"},{"freq":1,"paraula":"introducció"},{"freq":1,"paraula":"fortaleses"},{"freq":1,"paraula":"titular"},{"freq":1,"paraula":"explicar"},{"freq":1,"paraula":"àmpliament"},{"freq":1,"paraula":"castellana"},{"freq":1,"paraula":"estany"},{"freq":1,"paraula":"Wagner"},{"freq":1,"paraula":"canvia"},{"freq":1,"paraula":"submarins"},{"freq":1,"paraula":"renaixentista"},{"freq":1,"paraula":"ingressà"},{"freq":1,"paraula":"clàssic"},{"freq":1,"paraula":"reducció"},{"freq":1,"paraula":"solars"},{"freq":1,"paraula":"escriptors"},{"freq":1,"paraula":"CD"},{"freq":1,"paraula":"acer"},{"freq":1,"paraula":"Abella"},{"freq":1,"paraula":"Xile"},{"freq":1,"paraula":"CF"},{"freq":1,"paraula":"esdevingut"},{"freq":1,"paraula":"Ciceró"},{"freq":1,"paraula":"sotmetre"},{"freq":1,"paraula":"CN"},{"freq":1,"paraula":"premsa"},{"freq":1,"paraula":"castellans"},{"freq":1,"paraula":"hagués"},{"freq":1,"paraula":"rendició"},{"freq":1,"paraula":"Cuba"},{"freq":1,"paraula":"descens"},{"freq":1,"paraula":"progressivament"},{"freq":1,"paraula":"missions"},{"freq":1,"paraula":"Fernando"},{"freq":1,"paraula":"situen"},{"freq":1,"paraula":"contribuir"},{"freq":1,"paraula":"centenars"},{"freq":1,"paraula":"volums"},{"freq":1,"paraula":"riba"},{"freq":1,"paraula":"notes"},{"freq":1,"paraula":"Tiberi"},{"freq":1,"paraula":"valencians"},{"freq":1,"paraula":"rural"},{"freq":1,"paraula":"diuen"},{"freq":1,"paraula":"Miguel"},{"freq":1,"paraula":"donada"},{"freq":1,"paraula":"Tebes"},{"freq":1,"paraula":"desenvolupà"},{"freq":1,"paraula":"provoca"},{"freq":1,"paraula":"britàniques"},{"freq":1,"paraula":"vivien"},{"freq":1,"paraula":"termenal"},{"freq":1,"paraula":"copes"},{"freq":1,"paraula":"definició"},{"freq":1,"paraula":"massís"},{"freq":1,"paraula":"donació"},{"freq":1,"paraula":"Aires"},{"freq":1,"paraula":"pertanyia"},{"freq":1,"paraula":"llegir"},{"freq":1,"paraula":"independents"},{"freq":1,"paraula":"Empordà"},{"freq":1,"paraula":"musulmana"},{"freq":1,"paraula":"muralles"},{"freq":1,"paraula":"fàbrica"},{"freq":1,"paraula":"Carcassona"},{"freq":1,"paraula":"cultures"},{"freq":1,"paraula":"Mesopotàmia"},{"freq":1,"paraula":"pogut"},{"freq":1,"paraula":"posa"},{"freq":1,"paraula":"prínceps"},{"freq":1,"paraula":"fòssils"},{"freq":1,"paraula":"hipòtesi"},{"freq":1,"paraula":"Adolf"},{"freq":1,"paraula":"actuacions"},{"freq":1,"paraula":"femení"},{"freq":1,"paraula":"valencianes"},{"freq":1,"paraula":"sorra"},{"freq":1,"paraula":"millorar"},{"freq":1,"paraula":"quantitats"},{"freq":1,"paraula":"emprat"},{"freq":1,"paraula":"enllaç"},{"freq":1,"paraula":"emprar"},{"freq":1,"paraula":"retirà"},{"freq":1,"paraula":"forts"},{"freq":1,"paraula":"Climent"},{"freq":1,"paraula":"vot"},{"freq":1,"paraula":"molecular"},{"freq":1,"paraula":"recuperació"},{"freq":1,"paraula":"rica"},{"freq":1,"paraula":"quants"},{"freq":1,"paraula":"iniciat"},{"freq":1,"paraula":"tractar"},{"freq":1,"paraula":"comuns"},{"freq":1,"paraula":"fenòmens"},{"freq":1,"paraula":"setanta"},{"freq":1,"paraula":"Pasqua"},{"freq":1,"paraula":"procedent"},{"freq":1,"paraula":"ducs"},{"freq":1,"paraula":"barrancs"},{"freq":1,"paraula":"fitxar"},{"freq":1,"paraula":"ràpida"},{"freq":1,"paraula":"històrics"},{"freq":1,"paraula":"Gregori"},{"freq":1,"paraula":"Carlos"},{"freq":2,"paraula":"enfrontar"},{"freq":1,"paraula":"referir"},{"freq":1,"paraula":"indret"},{"freq":1,"paraula":"musulmà"},{"freq":1,"paraula":"seccions"},{"freq":1,"paraula":"ric"},{"freq":1,"paraula":"açò"},{"freq":1,"paraula":"observació"},{"freq":1,"paraula":"moral"},{"freq":1,"paraula":"nomenà"},{"freq":1,"paraula":"suposar"},{"freq":1,"paraula":"monjos"},{"freq":1,"paraula":"caça"},{"freq":1,"paraula":"barreja"},{"freq":1,"paraula":"impacte"},{"freq":1,"paraula":"reials"},{"freq":1,"paraula":"Bach"},{"freq":1,"paraula":"gregues"},{"freq":1,"paraula":"dissenyat"},{"freq":1,"paraula":"restaurar"},{"freq":1,"paraula":"vescomtat"},{"freq":1,"paraula":"destruït"},{"freq":1,"paraula":"quedava"},{"freq":1,"paraula":"masses"},{"freq":1,"paraula":"dificultats"},{"freq":1,"paraula":"abandonà"},{"freq":1,"paraula":"pertanyen"},{"freq":1,"paraula":"estatus"},{"freq":1,"paraula":"tradicions"},{"freq":1,"paraula":"opinió"},{"freq":1,"paraula":"aliments"},{"freq":1,"paraula":"històries"},{"freq":1,"paraula":"bisbes"},{"freq":1,"paraula":"entitats"},{"freq":1,"paraula":"batalló"},{"freq":1,"paraula":"Il"},{"freq":1,"paraula":"autònoma"},{"freq":1,"paraula":"boca"},{"freq":1,"paraula":"síntesi"},{"freq":1,"paraula":"darrere"},{"freq":1,"paraula":"regles"},{"freq":1,"paraula":"promoure"},{"freq":1,"paraula":"Argos"},{"freq":1,"paraula":"enrere"},{"freq":1,"paraula":"relacionats"},{"freq":1,"paraula":"córrer"},{"freq":1,"paraula":"ions"},{"freq":1,"paraula":"aprendre"},{"freq":1,"paraula":"vapor"},{"freq":1,"paraula":"pagament"},{"freq":1,"paraula":"crea"},{"freq":1,"paraula":"notables"},{"freq":1,"paraula":"Antíoc"},{"freq":1,"paraula":"estén"},{"freq":1,"paraula":"visitar"},{"freq":1,"paraula":"partida"},{"freq":1,"paraula":"intentà"},{"freq":1,"paraula":"pensament"},{"freq":1,"paraula":"filles"},{"freq":1,"paraula":"constitueix"},{"freq":1,"paraula":"Tràcia"},{"freq":1,"paraula":"superar"},{"freq":1,"paraula":"esportiva"},{"freq":1,"paraula":"triat"},{"freq":1,"paraula":"muralla"},{"freq":1,"paraula":"cens"},{"freq":1,"paraula":"organisme"},{"freq":1,"paraula":"nens"},{"freq":1,"paraula":"mode"},{"freq":1,"paraula":"programació"},{"freq":1,"paraula":"intensa"},{"freq":1,"paraula":"concedit"},{"freq":1,"paraula":"concedir"},{"freq":1,"paraula":"nen"},{"freq":1,"paraula":"ala"},{"freq":1,"paraula":"rurals"},{"freq":1,"paraula":"anual"},{"freq":1,"paraula":"neu"},{"freq":1,"paraula":"all"},{"freq":1,"paraula":"canals"},{"freq":1,"paraula":"típica"},{"freq":1,"paraula":"responsables"},{"freq":1,"paraula":"fidel"},{"freq":1,"paraula":"Saxònia"},{"freq":1,"paraula":"Bizanci"},{"freq":1,"paraula":"Octavi"},{"freq":1,"paraula":"violí"},{"freq":1,"paraula":"trànsit"},{"freq":1,"paraula":"unir"},{"freq":1,"paraula":"capdavant"},{"freq":1,"paraula":"territorial"},{"freq":1,"paraula":"completar"},{"freq":1,"paraula":"japonesos"},{"freq":1,"paraula":"Aquitània"},{"freq":1,"paraula":"angles"},{"freq":1,"paraula":"milió"},{"freq":1,"paraula":"segell"},{"freq":1,"paraula":"simples"},{"freq":1,"paraula":"Malta"},{"freq":1,"paraula":"islam"},{"freq":1,"paraula":"orientació"},{"freq":1,"paraula":"avantatge"},{"freq":1,"paraula":"néta"},{"freq":1,"paraula":"Xàtiva"},{"freq":1,"paraula":"pàgines"},{"freq":1,"paraula":"intents"},{"freq":1,"paraula":"creà"},{"freq":1,"paraula":"brillant"},{"freq":1,"paraula":"radical"},{"freq":1,"paraula":"proposta"},{"freq":1,"paraula":"aliada"},{"freq":1,"paraula":"Pirineus"},{"freq":1,"paraula":"destruir"},{"freq":1,"paraula":"institució"},{"freq":1,"paraula":"químic"},{"freq":1,"paraula":"quarta"},{"freq":1,"paraula":"intenta"},{"freq":1,"paraula":"rebels"},{"freq":1,"paraula":"varietats"},{"freq":1,"paraula":"pogués"},{"freq":1,"paraula":"Bulgària"},{"freq":1,"paraula":"contracte"},{"freq":1,"paraula":"Lieja"},{"freq":1,"paraula":"PP"},{"freq":1,"paraula":"disputaren"},{"freq":1,"paraula":"marquès"},{"freq":1,"paraula":"conservació"},{"freq":1,"paraula":"reputació"},{"freq":1,"paraula":"civils"},{"freq":1,"paraula":"portuguesos"},{"freq":1,"paraula":"pantà"},{"freq":1,"paraula":"altar"},{"freq":1,"paraula":"comptes"},{"freq":1,"paraula":"orígens"},{"freq":1,"paraula":"tasques"},{"freq":1,"paraula":"millora"},{"freq":1,"paraula":"llet"},{"freq":1,"paraula":"occidentals"},{"freq":1,"paraula":"alemanyes"},{"freq":1,"paraula":"cardenal"},{"freq":1,"paraula":"ferit"},{"freq":1,"paraula":"ales"},{"freq":1,"paraula":"marcat"},{"freq":1,"paraula":"Joseph"},{"freq":1,"paraula":"difusió"},{"freq":1,"paraula":"marcar"},{"freq":1,"paraula":"ocasió"},{"freq":1,"paraula":"militants"},{"freq":1,"paraula":"polonès"},{"freq":1,"paraula":"metalls"},{"freq":1,"paraula":"quedant"},{"freq":1,"paraula":"atorgar"},{"freq":1,"paraula":"serres"},{"freq":1,"paraula":"heroi"},{"freq":1,"paraula":"xifra"},{"freq":1,"paraula":"Vicent"},{"freq":1,"paraula":"seguida"},{"freq":1,"paraula":"anà"},{"freq":1,"paraula":"Valladolid"},{"freq":1,"paraula":"fruits"},{"freq":1,"paraula":"rendir"},{"freq":1,"paraula":"regionals"},{"freq":1,"paraula":"productor"},{"freq":1,"paraula":"donava"},{"freq":1,"paraula":"SS"},{"freq":1,"paraula":"Conservatori"},{"freq":1,"paraula":"recull"},{"freq":1,"paraula":"esdeveniment"},{"freq":1,"paraula":"Martín"},{"freq":1,"paraula":"Joaquim"},{"freq":1,"paraula":"limitada"},{"freq":1,"paraula":"inferiors"},{"freq":1,"paraula":"proximitat"},{"freq":1,"paraula":"calendari"},{"freq":1,"paraula":"espais"},{"freq":1,"paraula":"publicà"},{"freq":1,"paraula":"trajectòria"},{"freq":1,"paraula":"corrents"},{"freq":1,"paraula":"absoluta"},{"freq":1,"paraula":"tingueren"},{"freq":1,"paraula":"llançament"},{"freq":1,"paraula":"xinesa"},{"freq":1,"paraula":"ruïnes"},{"freq":1,"paraula":"Geòrgia"},{"freq":1,"paraula":"treballa"},{"freq":1,"paraula":"propera"},{"freq":1,"paraula":"fracàs"},{"freq":1,"paraula":"estètica"},{"freq":1,"paraula":"vendre"},{"freq":1,"paraula":"representat"},{"freq":1,"paraula":"cant"},{"freq":1,"paraula":"individuals"},{"freq":1,"paraula":"estils"},{"freq":1,"paraula":"resulta"},{"freq":1,"paraula":"UE"},{"freq":1,"paraula":"comptar"},{"freq":1,"paraula":"formades"},{"freq":1,"paraula":"vies"},{"freq":1,"paraula":"emissió"},{"freq":1,"paraula":"discos"},{"freq":1,"paraula":"parlant"},{"freq":1,"paraula":"afers"},{"freq":1,"paraula":"arrels"},{"freq":1,"paraula":"corresponent"},{"freq":1,"paraula":"pertanyents"},{"freq":1,"paraula":"dura"},{"freq":1,"paraula":"ràpid"},{"freq":1,"paraula":"propers"},{"freq":1,"paraula":"feren"},{"freq":1,"paraula":"mecanisme"},{"freq":1,"paraula":"òrgans"},{"freq":1,"paraula":"privat"},{"freq":1,"paraula":"lleugerament"},{"freq":1,"paraula":"consum"},{"freq":1,"paraula":"suec"},{"freq":1,"paraula":"disputat"},{"freq":1,"paraula":"aus"},{"freq":1,"paraula":"radi"},{"freq":1,"paraula":"activament"},{"freq":1,"paraula":"Figueres"},{"freq":1,"paraula":"basats"},{"freq":1,"paraula":"afluent"},{"freq":1,"paraula":"ramaderia"},{"freq":1,"paraula":"sacerdot"},{"freq":1,"paraula":"conflictes"},{"freq":1,"paraula":"Mart"},{"freq":1,"paraula":"pantalla"},{"freq":1,"paraula":"avi"},{"freq":1,"paraula":"esclat"},{"freq":1,"paraula":"situats"},{"freq":1,"paraula":"factor"},{"freq":1,"paraula":"divideix"},{"freq":1,"paraula":"publica"},{"freq":1,"paraula":"elevada"},{"freq":1,"paraula":"revolucionari"},{"freq":1,"paraula":"conques"},{"freq":1,"paraula":"aprofitar"},{"freq":1,"paraula":"Esteve"},{"freq":1,"paraula":"puntuables"},{"freq":1,"paraula":"Andalusia"},{"freq":1,"paraula":"greu"},{"freq":1,"paraula":"resultar"},{"freq":1,"paraula":"risc"},{"freq":1,"paraula":"complexos"},{"freq":1,"paraula":"magnètic"},{"freq":1,"paraula":"raça"},{"freq":1,"paraula":"bons"},{"freq":1,"paraula":"tropicals"},{"freq":1,"paraula":"treballà"},{"freq":1,"paraula":"rebel"},{"freq":1,"paraula":"abadia"},{"freq":1,"paraula":"republicans"},{"freq":1,"paraula":"músics"},{"freq":1,"paraula":"canó"},{"freq":1,"paraula":"reben"},{"freq":1,"paraula":"científic"},{"freq":1,"paraula":"plat"},{"freq":1,"paraula":"reconstrucció"},{"freq":1,"paraula":"deessa"},{"freq":1,"paraula":"circuits"},{"freq":1,"paraula":"presentat"},{"freq":1,"paraula":"empresonat"},{"freq":1,"paraula":"usuaris"},{"freq":1,"paraula":"extinció"},{"freq":1,"paraula":"artístic"},{"freq":1,"paraula":"seixanta"},{"freq":1,"paraula":"sinople"},{"freq":1,"paraula":"Lord"},{"freq":1,"paraula":"quadres"},{"freq":1,"paraula":"metro"},{"freq":1,"paraula":"vocals"},{"freq":1,"paraula":"cèlebre"},{"freq":1,"paraula":"esmentar"},{"freq":1,"paraula":"armada"},{"freq":1,"paraula":"suma"},{"freq":1,"paraula":"candidatura"},{"freq":1,"paraula":"arxiduc"},{"freq":1,"paraula":"mitjan"},{"freq":1,"paraula":"determinat"},{"freq":1,"paraula":"dirigí"},{"freq":1,"paraula":"determinar"},{"freq":1,"paraula":"cadascun"},{"freq":1,"paraula":"restar"},{"freq":1,"paraula":"agrícoles"},{"freq":1,"paraula":"espasa"},{"freq":1,"paraula":"vehicle"},{"freq":1,"paraula":"oportunitat"},{"freq":1,"paraula":"colla"},{"freq":1,"paraula":"web"},{"freq":1,"paraula":"assumptes"},{"freq":1,"paraula":"categories"},{"freq":1,"paraula":"japonesa"},{"freq":1,"paraula":"allò"},{"freq":1,"paraula":"Rosselló"},{"freq":1,"paraula":"depenent"},{"freq":1,"paraula":"pirates"},{"freq":1,"paraula":"nasqué"},{"freq":1,"paraula":"treballant"},{"freq":1,"paraula":"designar"},{"freq":1,"paraula":"tornada"},{"freq":1,"paraula":"feina"},{"freq":1,"paraula":"designat"},{"freq":1,"paraula":"agrícola"},{"freq":1,"paraula":"detingut"},{"freq":1,"paraula":"nascuda"},{"freq":1,"paraula":"lluites"},{"freq":1,"paraula":"Ebre"},{"freq":1,"paraula":"raons"},{"freq":1,"paraula":"decidí"},{"freq":1,"paraula":"fer"},{"freq":1,"paraula":"casament"},{"freq":1,"paraula":"pesar"},{"freq":1,"paraula":"Noruega"},{"freq":1,"paraula":"pràctiques"},{"freq":1,"paraula":"separat"},{"freq":1,"paraula":"potes"},{"freq":1,"paraula":"separar"},{"freq":1,"paraula":"membrana"},{"freq":1,"paraula":"armades"},{"freq":1,"paraula":"visible"},{"freq":1,"paraula":"pesca"},{"freq":1,"paraula":"plaques"},{"freq":1,"paraula":"investigacions"},{"freq":1,"paraula":"conjunts"},{"freq":1,"paraula":"adquirir"},{"freq":1,"paraula":"famosos"},{"freq":1,"paraula":"Luxemburg"},{"freq":1,"paraula":"quadrat"},{"freq":1,"paraula":"aquelles"},{"freq":1,"paraula":"bones"},{"freq":1,"paraula":"llegat"},{"freq":1,"paraula":"estada"},{"freq":1,"paraula":"mitja"},{"freq":1,"paraula":"maneres"},{"freq":1,"paraula":"candidats"},{"freq":1,"paraula":"Eivissa"},{"freq":1,"paraula":"alts"},{"freq":1,"paraula":"estàtues"},{"freq":1,"paraula":"continu"},{"freq":1,"paraula":"estreta"},{"freq":1,"paraula":"Johann"},{"freq":1,"paraula":"atenencs"},{"freq":1,"paraula":"groc"},{"freq":1,"paraula":"cotxe"},{"freq":1,"paraula":"distingir"},{"freq":1,"paraula":"historiador"},{"freq":1,"paraula":"majoritàriament"},{"freq":1,"paraula":"disposició"},{"freq":1,"paraula":"sal"},{"freq":1,"paraula":"símbols"},{"freq":1,"paraula":"Sardenya"},{"freq":1,"paraula":"usada"},{"freq":1,"paraula":"tancat"},{"freq":1,"paraula":"regiment"},{"freq":1,"paraula":"pèrdues"},{"freq":1,"paraula":"Menorca"},{"freq":1,"paraula":"partidaris"},{"freq":1,"paraula":"feudal"},{"freq":1,"paraula":"tancar"},{"freq":1,"paraula":"usen"},{"freq":1,"paraula":"RAF"},{"freq":1,"paraula":"partidari"},{"freq":1,"paraula":"Buenos"},{"freq":1,"paraula":"galàxia"},{"freq":1,"paraula":"complet"},{"freq":1,"paraula":"mantingué"},{"freq":1,"paraula":"dispositiu"},{"freq":1,"paraula":"cantant"},{"freq":1,"paraula":"surt"},{"freq":1,"paraula":"claus"},{"freq":1,"paraula":"barroc"},{"freq":1,"paraula":"assentament"},{"freq":1,"paraula":"colonial"},{"freq":1,"paraula":"Sacre"},{"freq":1,"paraula":"geogràfica"},{"freq":1,"paraula":"espectadors"},{"freq":1,"paraula":"utilització"},{"freq":1,"paraula":"ocell"},{"freq":1,"paraula":"participa"},{"freq":1,"paraula":"participat"},{"freq":1,"paraula":"laborar"},{"freq":1,"paraula":"transmissió"},{"freq":1,"paraula":"organitzacions"},{"freq":1,"paraula":"múltiples"},{"freq":1,"paraula":"concretament"},{"freq":1,"paraula":"inclosa"},{"freq":1,"paraula":"popularitat"},{"freq":1,"paraula":"rècord"},{"freq":1,"paraula":"an"},{"freq":1,"paraula":"aprovar"},{"freq":1,"paraula":"llur"},{"freq":1,"paraula":"capçalera"},{"freq":1,"paraula":"gòtica"},{"freq":1,"paraula":"intervenir"},{"freq":1,"paraula":"formacions"},{"freq":1,"paraula":"entendre"},{"freq":1,"paraula":"literària"},{"freq":1,"paraula":"be"},{"freq":1,"paraula":"equador"},{"freq":1,"paraula":"hebreu"},{"freq":1,"paraula":"acabada"},{"freq":1,"paraula":"consecutives"},{"freq":1,"paraula":"virus"},{"freq":1,"paraula":"sec"},{"freq":1,"paraula":"Oviedo"},{"freq":1,"paraula":"destacant"},{"freq":1,"paraula":"franc"},{"freq":1,"paraula":"denominat"},{"freq":1,"paraula":"bàsicament"},{"freq":1,"paraula":"arxiu"},{"freq":1,"paraula":"associat"},{"freq":1,"paraula":"presentà"},{"freq":1,"paraula":"vist"},{"freq":1,"paraula":"corresponen"},{"freq":1,"paraula":"Din"},{"freq":1,"paraula":"bizantins"},{"freq":1,"paraula":"familiar"},{"freq":1,"paraula":"actor"},{"freq":1,"paraula":"tropical"},{"freq":1,"paraula":"edicions"},{"freq":1,"paraula":"ceràmica"},{"freq":1,"paraula":"expulsar"},{"freq":1,"paraula":"incorporar"},{"freq":1,"paraula":"crítiques"},{"freq":1,"paraula":"expulsat"},{"freq":1,"paraula":"capturar"},{"freq":1,"paraula":"capturat"},{"freq":1,"paraula":"marbre"},{"freq":1,"paraula":"gegant"},{"freq":1,"paraula":"enorme"},{"freq":1,"paraula":"originàriament"},{"freq":1,"paraula":"protagonista"},{"freq":1,"paraula":"confiança"},{"freq":1,"paraula":"competència"},{"freq":1,"paraula":"separada"},{"freq":1,"paraula":"composicions"},{"freq":1,"paraula":"do"},{"freq":1,"paraula":"lula"},{"freq":1,"paraula":"procedents"},{"freq":1,"paraula":"qüestió"},{"freq":1,"paraula":"du"},{"freq":1,"paraula":"tenim"},{"freq":1,"paraula":"otomans"},{"freq":1,"paraula":"sagrada"},{"freq":1,"paraula":"voltants"},{"freq":1,"paraula":"aprovació"},{"freq":1,"paraula":"elaboració"},{"freq":1,"paraula":"artística"},{"freq":1,"paraula":"programari"},{"freq":1,"paraula":"vius"},{"freq":1,"paraula":"centrals"},{"freq":1,"paraula":"potències"},{"freq":1,"paraula":"destacats"},{"freq":1,"paraula":"francs"},{"freq":1,"paraula":"cereals"},{"freq":1,"paraula":"trobar"},{"freq":1,"paraula":"romànic"},{"freq":1,"paraula":"indis"},{"freq":1,"paraula":"ex"},{"freq":1,"paraula":"buscar"},{"freq":1,"paraula":"actiu"},{"freq":1,"paraula":"campions"},{"freq":1,"paraula":"sentir"},{"freq":1,"paraula":"cursos"},{"freq":1,"paraula":"utilitzats"},{"freq":1,"paraula":"ampliació"},{"freq":1,"paraula":"poderós"},{"freq":1,"paraula":"vocal"},{"freq":1,"paraula":"escorça"},{"freq":1,"paraula":"for"},{"freq":1,"paraula":"pensar"},{"freq":1,"paraula":"cobla"},{"freq":1,"paraula":"signe"},{"freq":1,"paraula":"parell"},{"freq":1,"paraula":"senyoria"},{"freq":1,"paraula":"característic"},{"freq":1,"paraula":"riquesa"},{"freq":1,"paraula":"escultures"},{"freq":1,"paraula":"Colom"},{"freq":1,"paraula":"Hug"},{"freq":1,"paraula":"portada"},{"freq":1,"paraula":"reals"},{"freq":1,"paraula":"digital"},{"freq":1,"paraula":"gegants"},{"freq":1,"paraula":"senyoriu"},{"freq":1,"paraula":"Isona"},{"freq":1,"paraula":"mercats"},{"freq":1,"paraula":"utilitzava"},{"freq":1,"paraula":"fosc"},{"freq":1,"paraula":"pintar"},{"freq":1,"paraula":"barris"},{"freq":1,"paraula":"otomà"},{"freq":1,"paraula":"vents"},{"freq":1,"paraula":"Muhammad"},{"freq":1,"paraula":"dialecte"},{"freq":1,"paraula":"falta"},{"freq":1,"paraula":"Caterina"},{"freq":1,"paraula":"tardor"},{"freq":1,"paraula":"presents"},{"freq":1,"paraula":"portat"},{"freq":1,"paraula":"inicials"},{"freq":1,"paraula":"tenint"},{"freq":1,"paraula":"oferta"},{"freq":1,"paraula":"convèncer"},{"freq":1,"paraula":"costums"},{"freq":1,"paraula":"context"},{"freq":1,"paraula":"entrà"},{"freq":1,"paraula":"ideologia"},{"freq":1,"paraula":"impedir"},{"freq":1,"paraula":"Sèrbia"},{"freq":1,"paraula":"Don"},{"freq":1,"paraula":"revoltar"},{"freq":1,"paraula":"rotació"},{"freq":1,"paraula":"metal"},{"freq":1,"paraula":"èpoques"},{"freq":1,"paraula":"expedicions"},{"freq":1,"paraula":"regidors"},{"freq":1,"paraula":"usos"},{"freq":1,"paraula":"llacs"},{"freq":1,"paraula":"produí"},{"freq":1,"paraula":"doctrina"},{"freq":1,"paraula":"incloïa"},{"freq":1,"paraula":"construccions"},{"freq":1,"paraula":"Gabriel"},{"freq":1,"paraula":"decret"},{"freq":1,"paraula":"privilegis"},{"freq":1,"paraula":"Parma"},{"freq":1,"paraula":"mentrestant"},{"freq":1,"paraula":"acusat"},{"freq":1,"paraula":"científica"},{"freq":1,"paraula":"ordinador"},{"freq":1,"paraula":"jo"},{"freq":1,"paraula":"senzill"},{"freq":1,"paraula":"disposar"},{"freq":1,"paraula":"derrotats"},{"freq":1,"paraula":"àmplia"},{"freq":1,"paraula":"claustre"},{"freq":1,"paraula":"finestres"},{"freq":1,"paraula":"blanques"},{"freq":1,"paraula":"escriu"},{"freq":1,"paraula":"possibilitats"},{"freq":1,"paraula":"destruïda"},{"freq":1,"paraula":"angle"},{"freq":1,"paraula":"vassall"},{"freq":1,"paraula":"lular"},{"freq":1,"paraula":"kg"},{"freq":1,"paraula":"jurisdicció"},{"freq":1,"paraula":"arriben"},{"freq":1,"paraula":"tècnic"},{"freq":1,"paraula":"depèn"},{"freq":1,"paraula":"biologia"},{"freq":1,"paraula":"realitzaren"},{"freq":1,"paraula":"Palestina"},{"freq":1,"paraula":"sòl"},{"freq":1,"paraula":"compositors"},{"freq":1,"paraula":"combustible"},{"freq":1,"paraula":"substàncies"},{"freq":1,"paraula":"promogut"},{"freq":1,"paraula":"ciclista"},{"freq":1,"paraula":"ETA"},{"freq":1,"paraula":"la"},{"freq":1,"paraula":"afirma"},{"freq":1,"paraula":"deia"},{"freq":1,"paraula":"plats"},{"freq":1,"paraula":"promoció"},{"freq":1,"paraula":"propietaris"},{"freq":1,"paraula":"Shah"},{"freq":1,"paraula":"complir"},{"freq":1,"paraula":"propòsit"},{"freq":1,"paraula":"lo"},{"freq":1,"paraula":"ciclisme"},{"freq":1,"paraula":"àngel"},{"freq":1,"paraula":"Salvador"},{"freq":1,"paraula":"ministres"},{"freq":1,"paraula":"metge"},{"freq":1,"paraula":"platja"},{"freq":1,"paraula":"estableix"},{"freq":1,"paraula":"entra"},{"freq":1,"paraula":"porten"},{"freq":1,"paraula":"calcular"},{"freq":1,"paraula":"opció"},{"freq":1,"paraula":"dita"},{"freq":1,"paraula":"porter"},{"freq":1,"paraula":"adaptació"},{"freq":1,"paraula":"artista"},{"freq":1,"paraula":"senador"},{"freq":1,"paraula":"enemics"},{"freq":1,"paraula":"irlandès"},{"freq":1,"paraula":"ampliar"},{"freq":1,"paraula":"City"},{"freq":1,"paraula":"traslladat"},{"freq":1,"paraula":"interpretar"},{"freq":1,"paraula":"petroli"},{"freq":1,"paraula":"envoltat"},{"freq":1,"paraula":"na"},{"freq":1,"paraula":"sigut"},{"freq":1,"paraula":"noble"},{"freq":1,"paraula":"veus"},{"freq":1,"paraula":"retaule"},{"freq":1,"paraula":"escollir"},{"freq":1,"paraula":"burgesia"},{"freq":1,"paraula":"apoderar"},{"freq":1,"paraula":"resistir"},{"freq":1,"paraula":"voltes"},{"freq":1,"paraula":"deixat"},{"freq":1,"paraula":"humanes"},{"freq":1,"paraula":"arbre"},{"freq":1,"paraula":"parets"},{"freq":1,"paraula":"riera"},{"freq":1,"paraula":"veritable"},{"freq":1,"paraula":"blat"},{"freq":1,"paraula":"considerable"},{"freq":1,"paraula":"alliberat"},{"freq":1,"paraula":"concessió"},{"freq":1,"paraula":"puig"},{"freq":1,"paraula":"alliberar"},{"freq":1,"paraula":"sofrir"},{"freq":1,"paraula":"altament"},{"freq":1,"paraula":"reserva"},{"freq":1,"paraula":"vermella"},{"freq":1,"paraula":"Galícia"},{"freq":1,"paraula":"natura"},{"freq":1,"paraula":"especials"},{"freq":1,"paraula":"seguidors"},{"freq":1,"paraula":"ou"},{"freq":1,"paraula":"dits"},{"freq":1,"paraula":"pedres"},{"freq":1,"paraula":"pa"},{"freq":1,"paraula":"complexa"},{"freq":1,"paraula":"fonamental"},{"freq":1,"paraula":"agència"},{"freq":1,"paraula":"pi"},{"freq":1,"paraula":"solitari"},{"freq":1,"paraula":"condemnat"},{"freq":1,"paraula":"Paris"},{"freq":1,"paraula":"retornà"},{"freq":1,"paraula":"esfera"},{"freq":1,"paraula":"Pokémon"},{"freq":1,"paraula":"guarnició"},{"freq":1,"paraula":"dialectes"},{"freq":1,"paraula":"delta"},{"freq":1,"paraula":"Joana"},{"freq":1,"paraula":"atzur"},{"freq":1,"paraula":"portava"},{"freq":1,"paraula":"episodi"},{"freq":1,"paraula":"iniciativa"},{"freq":1,"paraula":"necessari"},{"freq":1,"paraula":"pobres"},{"freq":1,"paraula":"horta"},{"freq":1,"paraula":"jaciments"},{"freq":1,"paraula":"aplicar"},{"freq":1,"paraula":"disciplina"},{"freq":1,"paraula":"concurs"},{"freq":1,"paraula":"recent"},{"freq":1,"paraula":"objectius"},{"freq":1,"paraula":"estudiant"},{"freq":1,"paraula":"bàsquet"},{"freq":1,"paraula":"portà"},{"freq":1,"paraula":"xinès"},{"freq":1,"paraula":"proposar"},{"freq":1,"paraula":"produeixen"},{"freq":1,"paraula":"reduït"},{"freq":1,"paraula":"Montjuïc"},{"freq":1,"paraula":"espiritual"},{"freq":1,"paraula":"singular"},{"freq":1,"paraula":"enfrontament"},{"freq":1,"paraula":"serveix"},{"freq":1,"paraula":"primitiva"},{"freq":1,"paraula":"democràtic"},{"freq":1,"paraula":"totalitat"},{"freq":1,"paraula":"quedat"},{"freq":1,"paraula":"vuitanta"},{"freq":1,"paraula":"ports"},{"freq":1,"paraula":"sa"},{"freq":1,"paraula":"bretó"},{"freq":1,"paraula":"badia"},{"freq":10,"paraula":"se"},{"freq":1,"paraula":"freqüentment"},{"freq":1,"paraula":"Alonso"},{"freq":1,"paraula":"passeig"},{"freq":1,"paraula":"aturar"},{"freq":1,"paraula":"participants"},{"freq":1,"paraula":"Thomas"},{"freq":1,"paraula":"Java"},{"freq":1,"paraula":"manifestacions"},{"freq":1,"paraula":"Esparta"},{"freq":1,"paraula":"reduir"},{"freq":1,"paraula":"regidor"},{"freq":1,"paraula":"te"},{"freq":1,"paraula":"Apol"},{"freq":1,"paraula":"suficient"},{"freq":1,"paraula":"guanyant"},{"freq":1,"paraula":"cinquanta"},{"freq":1,"paraula":"enclavament"},{"freq":1,"paraula":"patriarca"},{"freq":1,"paraula":"ATP"},{"freq":1,"paraula":"solament"},{"freq":1,"paraula":"interessos"},{"freq":1,"paraula":"extrems"},{"freq":1,"paraula":"Burgos"},{"freq":1,"paraula":"zero"},{"freq":1,"paraula":"separats"},{"freq":1,"paraula":"comunicacions"},{"freq":1,"paraula":"variant"},{"freq":1,"paraula":"coneixements"},{"freq":1,"paraula":"fragments"},{"freq":1,"paraula":"fonamentals"},{"freq":1,"paraula":"Demetri"},{"freq":1,"paraula":"revoltes"},{"freq":1,"paraula":"monestirs"},{"freq":1,"paraula":"culturals"},{"freq":1,"paraula":"facilitar"},{"freq":1,"paraula":"relleu"},{"freq":1,"paraula":"encarregar"},{"freq":1,"paraula":"dibuixos"},{"freq":1,"paraula":"encarregat"},{"freq":1,"paraula":"nazis"},{"freq":1,"paraula":"occità"},{"freq":1,"paraula":"bisbat"},{"freq":1,"paraula":"vi"},{"freq":1,"paraula":"establert"},{"freq":1,"paraula":"dedicar"},{"freq":1,"paraula":"Venus"},{"freq":1,"paraula":"belga"},{"freq":1,"paraula":"recorda"},{"freq":1,"paraula":"Internet"},{"freq":1,"paraula":"publicació"},{"freq":1,"paraula":"Elisabet"},{"freq":1,"paraula":"conseqüències"},{"freq":1,"paraula":"adults"},{"freq":1,"paraula":"pertànyer"},{"freq":1,"paraula":"vehicles"},{"freq":1,"paraula":"vivia"},{"freq":1,"paraula":"quadre"},{"freq":1,"paraula":"situades"},{"freq":1,"paraula":"privada"},{"freq":1,"paraula":"notícies"},{"freq":1,"paraula":"confondre"},{"freq":1,"paraula":"avançar"},{"freq":1,"paraula":"Cerdanya"},{"freq":1,"paraula":"oficina"},{"freq":1,"paraula":"identificar"},{"freq":1,"paraula":"paral"},{"freq":1,"paraula":"Filip"},{"freq":1,"paraula":"utilitzades"},{"freq":1,"paraula":"queden"},{"freq":1,"paraula":"normal"},{"freq":1,"paraula":"executar"},{"freq":1,"paraula":"executat"},{"freq":1,"paraula":"permetia"},{"freq":1,"paraula":"senyals"},{"freq":1,"paraula":"milers"},{"freq":1,"paraula":"expulsió"},{"freq":1,"paraula":"serralada"},{"freq":1,"paraula":"venda"},{"freq":1,"paraula":"Manresa"},{"freq":1,"paraula":"reunió"},{"freq":1,"paraula":"declaració"},{"freq":1,"paraula":"ones"},{"freq":1,"paraula":"interacció"},{"freq":1,"paraula":"cavaller"},{"freq":1,"paraula":"individu"},{"freq":1,"paraula":"Panzer"},{"freq":1,"paraula":"mesurar"},{"freq":1,"paraula":"inscripcions"},{"freq":1,"paraula":"femelles"},{"freq":1,"paraula":"suposa"},{"freq":1,"paraula":"connexió"},{"freq":1,"paraula":"Epir"},{"freq":1,"paraula":"avions"},{"freq":1,"paraula":"observacions"},{"freq":1,"paraula":"parcialment"},{"freq":1,"paraula":"repertori"},{"freq":1,"paraula":"decideix"},{"freq":1,"paraula":"semblants"},{"freq":1,"paraula":"negociacions"},{"freq":1,"paraula":"Carl"},{"freq":1,"paraula":"esportiu"},{"freq":1,"paraula":"seqüència"},{"freq":1,"paraula":"formalment"},{"freq":1,"paraula":"perdent"},{"freq":1,"paraula":"freqüents"},{"freq":1,"paraula":"projectes"},{"freq":1,"paraula":"coma"},{"freq":1,"paraula":"inscripció"},{"freq":1,"paraula":"Munic"},{"freq":1,"paraula":"properes"},{"freq":1,"paraula":"creant"},{"freq":1,"paraula":"capaços"},{"freq":1,"paraula":"segur"},{"freq":1,"paraula":"interna"},{"freq":1,"paraula":"funcionament"},{"freq":1,"paraula":"refereix"},{"freq":1,"paraula":"sexual"},{"freq":1,"paraula":"cops"},{"freq":1,"paraula":"màquines"},{"freq":1,"paraula":"testimoni"},{"freq":1,"paraula":"nuclears"},{"freq":1,"paraula":"caracteritza"},{"freq":1,"paraula":"paret"},{"freq":1,"paraula":"propietari"},{"freq":1,"paraula":"homenatge"},{"freq":1,"paraula":"salvar"},{"freq":1,"paraula":"columna"},{"freq":1,"paraula":"llargues"},{"freq":1,"paraula":"ponts"},{"freq":1,"paraula":"limitat"},{"freq":1,"paraula":"Lluïsa"},{"freq":1,"paraula":"formatge"},{"freq":1,"paraula":"rectangular"},{"freq":1,"paraula":"regular"},{"freq":1,"paraula":"pròpiament"},{"freq":1,"paraula":"placa"},{"freq":1,"paraula":"disputa"},{"freq":1,"paraula":"parroquial"},{"freq":1,"paraula":"casar"},{"freq":1,"paraula":"amics"},{"freq":1,"paraula":"casat"},{"freq":1,"paraula":"organitzat"},{"freq":1,"paraula":"normes"},{"freq":1,"paraula":"UEFA"},{"freq":1,"paraula":"decadència"},{"freq":1,"paraula":"presoners"},{"freq":1,"paraula":"Belles"},{"freq":1,"paraula":"Uruguai"},{"freq":1,"paraula":"pugui"},{"freq":1,"paraula":"Nobel"},{"freq":1,"paraula":"canya"},{"freq":1,"paraula":"obligar"},{"freq":1,"paraula":"obligat"},{"freq":1,"paraula":"mundials"},{"freq":2,"paraula":"nord"},{"freq":1,"paraula":"Ribagorça"},{"freq":1,"paraula":"revistes"},{"freq":1,"paraula":"guanya"},{"freq":1,"paraula":"oxigen"},{"freq":1,"paraula":"fauna"},{"freq":1,"paraula":"Múrcia"},{"freq":1,"paraula":"World"},{"freq":1,"paraula":"tendència"},{"freq":1,"paraula":"Fernández"},{"freq":1,"paraula":"Alps"},{"freq":1,"paraula":"Còrdova"},{"freq":1,"paraula":"nostra"},{"freq":1,"paraula":"cinquè"},{"freq":1,"paraula":"assalt"},{"freq":1,"paraula":"arxipèlag"},{"freq":1,"paraula":"regent"},{"freq":1,"paraula":"abandonat"},{"freq":1,"paraula":"incursions"},{"freq":1,"paraula":"turisme"},{"freq":1,"paraula":"individual"},{"freq":1,"paraula":"gasos"},{"freq":1,"paraula":"representada"},{"freq":1,"paraula":"prestigi"},{"freq":1,"paraula":"intercanvi"},{"freq":1,"paraula":"obertura"},{"freq":1,"paraula":"hagi"},{"freq":1,"paraula":"aixecar"},{"freq":1,"paraula":"demostra"},{"freq":1,"paraula":"estratègia"},{"freq":1,"paraula":"bloc"},{"freq":1,"paraula":"capelles"},{"freq":1,"paraula":"audiència"},{"freq":1,"paraula":"contactes"},{"freq":1,"paraula":"Ucraïna"},{"freq":1,"paraula":"lacions"},{"freq":1,"paraula":"Claudi"},{"freq":1,"paraula":"regència"},{"freq":1,"paraula":"eines"},{"freq":1,"paraula":"files"},{"freq":1,"paraula":"Habsburg"},{"freq":1,"paraula":"Pérez"},{"freq":1,"paraula":"orientals"},{"freq":1,"paraula":"succeït"},{"freq":1,"paraula":"parlants"},{"freq":1,"paraula":"Borgonya"},{"freq":1,"paraula":"camins"},{"freq":1,"paraula":"lingüística"},{"freq":1,"paraula":"explotació"},{"freq":1,"paraula":"universitats"},{"freq":1,"paraula":"superiors"},{"freq":1,"paraula":"Elionor"},{"freq":1,"paraula":"negociar"},{"freq":1,"paraula":"aliades"},{"freq":1,"paraula":"expulsats"},{"freq":1,"paraula":"enllà"},{"freq":1,"paraula":"posat"},{"freq":1,"paraula":"clarament"},{"freq":1,"paraula":"cadenes"},{"freq":1,"paraula":"cost"},{"freq":1,"paraula":"arqueològiques"},{"freq":1,"paraula":"típicament"},{"freq":1,"paraula":"prenent"},{"freq":1,"paraula":"Chicago"},{"freq":1,"paraula":"inclòs"},{"freq":1,"paraula":"Luci"},{"freq":1,"paraula":"Constantí"},{"freq":1,"paraula":"factors"},{"freq":1,"paraula":"Vic"},{"freq":1,"paraula":"cavalls"},{"freq":1,"paraula":"departaments"},{"freq":1,"paraula":"posseeix"},{"freq":1,"paraula":"Foix"},{"freq":1,"paraula":"Gandia"},{"freq":1,"paraula":"constitueixen"},{"freq":1,"paraula":"constel"},{"freq":1,"paraula":"rival"},{"freq":1,"paraula":"emir"},{"freq":1,"paraula":"Danubi"}],"nom":"Català"}}